c_h	Mn	Pn	phiMn	phiPn	c_b	Mnb	Pnb	phiMnb	phiPnb	phiVh	phiVb
999999999	0	1698.8246020457552	0	1104.235991329741	999999999	0	1698.8246020457552	0	1104.235991329741
446.7692307692308	37.30369004774569	1698.8246020457552	24.247398531034698	1104.235991329741	446.7692307692308	40.694934597540744	1698.8246020457552	26.451707488401485	1104.235991329741	304.7101825685706	304.7101825685706
442.3015384615385	37.12151575374843	1698.8246020457552	24.128985239936483	1104.235991329741	442.3015384615385	40.45203553887774	1698.8246020457552	26.29382310027053	1104.235991329741	304.7101825685706	304.7101825685706
437.83384615384614	36.93562361701654	1698.8246020457552	24.00815535106075	1104.235991329741	437.83384615384614	40.204179356568545	1698.8246020457552	26.132716581769554	1104.235991329741	304.7101825685706	304.7101825685706
433.36615384615385	36.74589865272316	1698.8246020457552	23.884834124270057	1104.235991329741	433.36615384615385	39.95121273751071	1698.8246020457552	25.968288279381962	1104.235991329741	304.7101825685706	304.7101825685706
428.89846153846156	36.552221085007005	1698.8246020457552	23.758943705254556	1104.235991329741	428.89846153846156	39.69297598055583	1698.8246020457552	25.80043438736129	1104.235991329741	304.7101825685706	304.7101825685706
424.4307692307692	36.354466094812615	1698.8246020457552	23.6304029616282	1104.235991329741	424.4307692307692	39.42930266029665	1698.8246020457552	25.629046729192822	1104.235991329741	304.7101825685706	304.7101825685706
419.9630769230769	36.15250355163537	1698.8246020457552	23.49912730856299	1104.235991329741	419.9630769230769	39.16001926939365	1698.8246020457552	25.454012525105874	1104.235991329741	304.7101825685706	304.7101825685706
415.49538461538464	35.946197727959685	1698.8246020457552	23.365028523173795	1104.235991329741	415.49538461538464	38.88494483782607	1698.8246020457552	25.275214144586947	1104.235991329741	304.7101825685706	304.7101825685706
411.0276923076923	35.73540699507366	1698.8246020457552	23.22801454679788	1104.235991329741	411.0276923076923	38.60389052731137	1698.8246020457552	25.092528842752394	1104.235991329741	304.7101825685706	304.7101825685706
406.56	35.5199834988275	1698.8246020457552	23.087989274237877	1104.235991329741	406.56	38.31665919898316	1698.8246020457552	24.905828479339053	1104.235991329741	304.7101825685706	304.7101825685706
402.0923076923077	35.299772813775874	1698.8246020457552	22.94485232895432	1104.235991329741	402.0923076923077	38.023044952247666	1698.8246020457552	24.714979218960984	1104.235991329741	304.7101825685706	304.7101825685706
397.62461538461537	35.07461357400398	1698.8246020457552	22.79849882310259	1104.235991329741	397.62461538461537	37.72283263255181	1698.8246020457552	24.519841211158674	1104.235991329741	304.7101825685706	304.7101825685706
393.1569230769231	34.844337078782736	1698.8246020457552	22.64881910120878	1104.235991329741	393.1569230769231	37.41579730559015	1698.8246020457552	24.320268248633596	1104.235991329741	304.7101825685706	304.7101825685706
388.6892307692308	34.60876687102767	1698.8246020457552	22.495698466167987	1104.235991329741	388.6892307692308	37.10170369525005	1698.8246020457552	24.116107401912533	1104.235991329741	304.7101825685706	304.7101825685706
384.22153846153844	34.36771828634806	1698.8246020457552	22.339016886126238	1104.235991329741	384.22153846153844	36.78030558234391	1698.8246020457552	23.907198628523542	1104.235991329741	304.7101825685706	304.7101825685706
379.75384615384615	34.12099797026423	1698.8246020457552	22.17864868067175	1104.235991329741	379.75384615384615	36.45134516089879	1698.8246020457552	23.693374354584215	1104.235991329741	304.7101825685706	304.7101825685706
375.28615384615387	33.8684033609403	1698.8246020457552	22.014462184611194	1104.235991329741	375.28615384615387	36.114552348466894	1698.8246020457552	23.47445902650348	1104.235991329741	304.7101825685706	304.7101825685706
370.8184615384615	33.609722134524226	1698.8246020457552	21.846319387440747	1104.235991329741	370.8184615384615	35.7696440465788	1698.8246020457552	23.25026863027622	1104.235991329741	304.7101825685706	304.7101825685706
366.35076923076923	33.344731609902894	1698.8246020457552	21.67407554643688	1104.235991329741	366.35076923076923	35.41632334708368	1698.8246020457552	23.020610175604396	1104.235991329741	304.7101825685706	304.7101825685706
361.88307692307694	33.07319810936498	1698.8246020457552	21.497578771087237	1104.235991329741	361.88307692307694	35.0542786796998	1698.8246020457552	22.78528114180487	1104.235991329741	304.7101825685706	304.7101825685706
357.4153846153846	32.79487627131361	1698.8246020457552	21.31666957635385	1104.235991329741	357.4153846153846	34.68318289563131	1698.8246020457552	22.544068882160353	1104.235991329741	304.7101825685706	304.7101825685706
352.9476923076923	32.509508310779935	1698.8246020457552	21.131180402006958	1104.235991329741	352.9476923076923	34.30269228158642	1698.8246020457552	22.296749983031173	1104.235991329741	304.7101825685706	304.7101825685706
348.48	35.224246743693065	1698.8246020457552	22.895760383400493	1104.235991329741	348.48	36.919869018590596	1698.8246020457552	23.99791486208389	1104.235991329741	304.7101825685706	304.7101825685706
344.0123076923077	37.858605765142784	1698.8246020457552	24.60809374734281	1104.235991329741	344.0123076923077	39.45413227410775	1698.8246020457552	25.645185978170037	1104.235991329741	304.7101825685706	304.7101825685706
339.5446153846154	40.40783643652738	1698.8246020457552	26.2650936837428	1104.235991329741	339.5446153846154	41.90063308045631	1698.8246020457552	27.235411502296603	1104.235991329741	304.7101825685706	304.7101825685706
335.0769230769231	42.87162266595459	1698.8246020457552	27.866554732870483	1104.235991329741	335.0769230769231	44.258949981779836	1698.8246020457552	28.768317488156892	1104.235991329741	304.7101825685706	304.7101825685706
330.60923076923075	45.21412146223938	1698.8246020457552	29.3891789504556	1104.235991329741	330.60923076923075	46.52863874082412	1698.8246020457552	30.24361518153568	1104.235991329741	304.7101825685706	304.7101825685706
326.14153846153846	47.450612739779736	1698.8246020457552	30.84289828085683	1104.235991329741	326.14153846153846	48.709230778567495	1698.8246020457552	31.66100000606887	1104.235991329741	304.7101825685706	304.7101825685706
321.67384615384617	49.59906544149091	1698.8246020457552	32.23939253696909	1104.235991329741	321.67384615384617	50.800231483820646	1698.8246020457552	33.02015046448342	1104.235991329741	304.7101825685706	304.7101825685706
317.2061538461538	51.659022700200644	1698.8246020457552	33.57836475513042	1104.235991329741	317.2061538461538	52.80111837997496	1698.8246020457552	34.320726946983726	1104.235991329741	304.7101825685706	304.7101825685706
312.73846153846154	53.630001542041256	1698.8246020457552	34.859501002326816	1104.235991329741	312.73846153846154	54.7113391346157	1698.8246020457552	35.562370437500206	1104.235991329741	304.7101825685706	304.7101825685706
308.27076923076925	55.51149099465993	1698.8246020457552	36.08246914652896	1104.235991329741	308.27076923076925	56.5303093960577	1698.8246020457552	36.74470110743751	1104.235991329741	304.7101825685706	304.7101825685706
303.8030769230769	57.302950028506615	1698.8246020457552	37.2469175185293	1104.235991329741	303.8030769230769	58.25741043898722	1698.8246020457552	37.86731678534169	1104.235991329741	304.7101825685706	304.7101825685706
299.3353846153846	59.00380531375965	1698.8246020457552	38.35247345394377	1104.235991329741	299.3353846153846	59.89198659926587	1698.8246020457552	38.92979128952282	1104.235991329741	304.7101825685706	304.7101825685706
294.8676923076923	60.61344877333543	1698.8246020457552	39.398741702668026	1104.235991329741	294.8676923076923	61.4333424755347	1698.8246020457552	39.931672609097554	1104.235991329741	304.7101825685706	304.7101825685706
290.4	62.131234910022165	1698.8246020457552	40.38530269151441	1104.235991329741	290.4	62.88073987250505	1698.8246020457552	40.872480917128286	1104.235991329741	304.7101825685706	304.7101825685706
285.9323076923077	63.55647788303228	1698.8246020457552	41.31171062397098	1104.235991329741	285.9323076923077	64.23339445768264	1698.8246020457552	41.75170639749371	1104.235991329741	304.7101825685706	304.7101825685706
281.4646153846154	64.88844830613141	1694.765939312626	42.17749139898542	1101.5978605532068	281.4646153846154	65.4904720996847	1680.5676824133168	42.56880686479505	1092.368993568656	304.7101825685706	304.7101825685706
276.99692307692305	66.12636973590872	1666.9134020322253	42.98214032834067	1083.4937113209464	276.99692307692305	66.65108485220054	1653.540094653809	43.32320515393035	1074.801061524976	304.7101825685706	304.7101825685706
272.52923076923076	67.26941481463143	1638.8144149544853	43.72511962951043	1065.2293697204154	272.52923076923076	67.71428654293189	1624.186054050183	44.01428625290573	1055.720935132619	304.7101825685706	304.7101825685706
268.0615384615385	68.31670102738451	1610.4566555895387	44.40585566779993	1046.7968261332003	268.0615384615385	68.67906792142723	1594.49540321692	44.6413941489277	1036.4220120909981	304.7101825685706	304.7101825685706
263.59384615384613	69.26728602773333	1581.8269660244762	45.02373591802667	1028.1875279159096	263.59384615384613	69.54435131347569	1564.4876394219036	45.2038283537592	1016.9169656242374	304.7101825685706	304.7101825685706
259.12615384615384	70.12016247983392	1552.9112809041198	45.57810561189205	1009.392332587678	259.12615384615384	70.3089847225069	1534.1463602705603	45.70084006962949	997.1951341758643	304.7101825685706	304.7101825685706
254.65846153846155	70.87425235760766	1523.694547830823	46.06826403244498	990.401456090035	254.65846153846155	70.97173531008605	1503.4540123230838	46.131627951555934	977.2451080100045	304.7101825685706	304.7101825685706
250.19076923076923	71.52840063311321	1494.1606392356769	46.493460411523586	971.20441550319	250.19076923076923	71.53128217789005	1472.3917883225379	46.49533341562854	957.0546624096496	304.7101825685706	304.7101825685706
245.72307692307692	72.08136827637703	1464.2922546356726	46.85288937964508	951.7899655131872	245.72307692307692	71.98620836226318	1440.9395132114826	46.79103543547107	936.6106835874637	304.7101825685706	304.7101825685706
241.25538461538463	72.73735445014253	1434.07081203054	47.279280392592646	932.146027819851	241.25538461538463	72.60903190289883	1409.0755174837789	47.195870736884245	915.8990863644563	304.7101825685706	304.7101825685706
236.7876923076923	74.34419326490358	1403.476327004894	48.32372562218733	912.2596125531812	236.7876923076923	74.53046982562586	1376.7764961988605	48.44480538665681	894.9047225292594	304.7101825685706	304.7101825685706
232.32	75.89402209466482	1372.4872778806293	49.33111436153214	892.1167306224091	232.32	76.40699772904405	1344.0173517284281	49.664548523878636	873.6112786234784	304.7101825685706	304.7101825685706
227.8523076923077	77.38803011988237	1341.0804550048847	50.302219577923545	871.7022957531751	227.8523076923077	78.24051655629725	1310.771018002745	50.856335761593215	852.0011617017843	304.7101825685706	304.7101825685706
223.3846153846154	78.82750165544894	1309.230791952572	51.237876076041815	851.0000147691718	223.3846153846154	80.03307932598089	1277.0082636664958	52.02150156188758	830.0553713832223	304.7101825685706	304.7101825685706
218.9169230769231	80.188364268652	1276.0809068325188	52.1224367746238	829.4525894411373	218.9169230769231	81.78690665004505	1242.6974711312794	53.161489322529285	807.7533562353316	304.7101825685706	304.7101825685706
214.44923076923078	81.43901905756819	1240.521955138119	52.935362387419325	806.3392708397773	214.44923076923078	83.50440419143568	1207.8043880096593	54.2778627244332	785.0728522062785	304.7101825685706	304.7101825685706
209.98153846153846	82.63608881498735	1204.315210540193	53.713457729741776	782.8048868511255	209.98153846153846	85.1881823503707	1172.2918468173973	55.37231852774095	761.9897004313083	304.7101825685706	304.7101825685706
205.51384615384617	83.78111534664359	1167.418425675468	54.457724975318335	758.8219766890542	205.51384615384617	86.84107851839134	1136.1194481151044	56.44670103695437	738.4776412748179	304.7101825685706	304.7101825685706
201.04615384615386	84.87577750766974	1129.78559785949	55.16925537998533	734.3606386086685	201.04615384615386	88.4661822996203	1099.2432014021108	57.5030184947532	714.5080809113721	304.7101825685706	304.7101825685706
196.57846153846154	85.92190677639246	1091.3665423455827	55.8492394046551	709.3882525246288	196.57846153846154	90.06686417128233	1061.615117041324	58.54346171133352	690.0498260768607	304.7101825685706	304.7101825685706
192.11076923076925	86.92150500121531	1052.1064060385422	56.49897825078995	683.8691639250525	192.11076923076925	91.64680814336722	1023.1827412433628	59.5704252931887	665.0687818081858	304.7101825685706	304.7101825685706
187.64307692307693	87.87676468277076	1011.945111738859	57.11989704380099	657.7643226302584	187.64307692307693	93.21004908395913	983.8886246198576	60.58653190457344	639.5276060029075	304.7101825685706	304.7101825685706
183.17538461538464	88.79009222419201	970.8167210568271	57.71355994572481	631.0308686869377	183.17538461538464	94.76101550680885	943.6697129640615	61.59466007942575	613.38531342664	304.7101825685706	304.7101825685706
178.7076923076923	89.82635047383692	928.6487017637702	58.387127807994005	603.6216561464506	178.7076923076923	96.30457877704235	902.4566466485521	62.59797620507753	586.5968203215589	304.7101825685706	304.7101825685706
174.24	91.04762568620548	885.3610824280718	59.18095669603356	575.4847035782467	174.24	97.84610988697794	860.1729522379679	63.59997142653567	559.1124189546791	304.7101825685706	304.7101825685706
169.77230769230772	92.25594952465075	840.8654735726808	59.96636719102299	546.5625578222425	169.77230769230772	99.39154519654643	816.7341064616442	64.60450437775518	530.8771692000687	304.7101825685706	304.7101825685706
165.30461538461537	93.2690567853178	797.1017199307607	60.73354145004805	519.0447080294712	165.30461538461537	100.69749394858545	774.7635015038418	65.57067942392979	504.49884296433765	304.7101825685706	304.7101825685706
160.83692307692309	93.11369317735384	764.6027849487348	61.4157941780899	504.3155916817038	160.83692307692309	100.46587210489601	748.3461247820597	66.26513365079634	493.59304743766893	304.7101825685706	304.7101825685706
156.3692307692308	92.88546113010531	731.4088147369666	62.09141416431178	488.92697615668163	156.3692307692308	100.15702420845199	721.5812304454064	66.95225706939377	482.3575023223726	304.7101825685706	304.7101825685706
151.90153846153845	92.58474513887846	697.4584826575376	62.76231607588881	472.80045619502863	151.90153846153845	99.77095025925341	694.4381551749226	67.63377601753041	470.753004988761	304.7101825685706	304.7101825685706
147.43384615384616	92.21197630447107	662.683028540661	63.430662488227064	455.8455984203941	147.43384615384616	99.30765025730025	666.8825188857151	68.3116260860823	458.73433874865856	304.7101825685706	304.7101825685706
142.96615384615387	91.76763961528077	627.0050971953258	64.0989051709321	437.9576551745799	142.96615384615387	98.76712420259256	638.8756439822782	68.98798481478501	446.2491297729663	304.7101825685706	304.7101825685706
138.49846153846153	91.25228263885315	590.3373521155518	64.76983487414037	419.0147545994812	138.49846153846153	98.14937209513032	610.3738622116219	69.66531071624323	433.2364421326318	304.7101825685706	304.7101825685706
134.03076923076924	90.66652595173993	552.5808119278955	65.44664172148583	398.87442516174525	134.03076923076924	97.45439393491351	581.3276828870247	70.34639010474217	419.62504006097873	304.7101825685706	304.7101825685706
129.56307692307695	90.01107572725864	513.6228426556797	66.13298893207266	377.3692681057604	129.56307692307695	96.68218972194215	551.6807890201476	71.03439361377889	405.33122418020116	304.7101825685706	304.7101825685706
125.0953846153846	89.2867390206292	473.33471975412914	66.8331034196286	354.30153037753655	125.0953846153846	95.83275945621622	521.368818338603	71.73294482449289	390.25611796330406	304.7101825685706	304.7101825685706
120.62769230769231	88.2030076180557	441.0719581392012	67.32942229030893	336.69056114917055	120.62769230769231	94.90610313773577	490.3178734185399	72.4462041448591	374.2822387512916	304.7101825685706	304.7101825685706
116.16000000000003	87.32186444999381	411.55593218875237	68.05083229551242	320.7297954298553	116.16000000000003	93.90222076650073	458.44268800166714	73.17897204561781	357.2691292702647	304.7101825685706	304.7101825685706
111.69230769230768	86.54480449803695	381.3054896391903	68.93741323809151	303.72954519535506	111.69230769230768	92.82111234251114	425.64435322836727	73.93681707282785	339.0477434336305	304.7101825685706	304.7101825685706
107.22461538461539	85.71585586599493	350.22882841562665	69.87812732523781	285.51700753308415	107.22461538461539	91.66277786576701	391.8074754290877	74.72623586355776	319.41316315871313	304.7101825685706	304.7101825685706
102.7569230769231	84.08010393615618	309.9766646431093	70.25163706689631	258.99549506087675	102.7569230769231	89.41625801305825	346.1510749132624	74.71016580311449	289.22038088330004	304.7101825685706	304.7101825685706
98.28923076923076	82.3036446089704	267.6193554567699	70.59021054863418	229.53183590273431	98.28923076923076	86.9644729703119	313.4348384028858	74.58771098644934	268.8268708057353	304.7101825685706	304.7101825685706
93.82153846153847	80.40579991998885	223.16476143949754	70.91289841876191	196.81739469483435	93.82153846153847	84.32698583095451	279.539514459287	74.37113972053476	246.5364092218112	304.7101825685706	304.7101825685706
89.35384615384618	78.37994597285541	176.29828986665188	70.54195137556987	158.6684608799867	89.35384615384618	81.48752518840766	244.28823996748216	73.3387726695669	219.85941597073395	304.7101825685706	304.7101825685706
84.88615384615383	76.21806436671778	126.6391179662996	68.59625793004601	113.97520616966963	84.88615384615383	78.42639407681307	207.466917472491	70.58375466913176	186.7202257252419	304.7101825685706	304.7101825685706
80.41846153846154	73.72115024466058	79.8915105493096	66.34903522019452	71.90235949437864	80.41846153846154	75.1195184267887	168.81387230711658	67.60756658410983	151.93248507640493	304.7101825685706	304.7101825685706
75.95076923076925	70.60965197459167	44.2015461742616	63.5486867771325	39.781391556835445	75.95076923076925	71.53715968203882	128.00585929423204	64.38344371383494	115.20527336480883	304.7101825685706	304.7101825685706
71.48307692307691	67.24435497376281	6.59231356002437	60.519919476386534	5.933082204021933	71.48307692307691	67.64214464719387	84.6388219624287	60.877930182474486	76.17493976618583	304.7101825685706	304.7101825685706
67.01538461538462	63.589944706572986	-33.320040941238695	57.230950235915685	-29.988036847114827	67.01538461538462	63.38738727478583	38.20095544792403	57.048648547307245	34.38085990313163	304.7101825685706	304.7101825685706
62.54769230769233	59.60101677010652	-76.02904344817671	53.64091509309587	-68.42613910335903	62.54769230769233	58.7123483609271	-11.96577507414727	52.84111352483439	-10.769197566732544	304.7101825685706	304.7101825685706
58.079999999999984	55.21819617593516	-122.1800742697923	49.69637655834165	-109.96206684281307	58.079999999999984	53.537861254380054	-66.72187668245513	48.18407512894205	-60.04968901420962	304.7101825685706	304.7101825685706
53.612307692307695	55.812257739396706	-172.6336404847534	50.231031965457035	-155.3702764362781	53.612307692307695	55.0249590422617	-127.21469214855716	49.52246313803553	-114.49322293370145	304.7101825685706	304.7101825685706
49.144615384615406	56.92460515076092	-228.5631608367003	51.232144635684826	-205.70684475303025	49.144615384615406	57.22884664493179	-195.00877979730694	51.50596198043861	-175.50790181757625	304.7101825685706	304.7101825685706
44.67692307692306	58.61465062415414	-291.61142156672986	52.753185561738725	-262.4502794100569	44.67692307692306	60.228740347892064	-272.2945212835001	54.20586631310286	-245.0650691551501	304.7101825685706	304.7101825685706
40.20923076923077	61.10070219783747	-364.1513361342009	54.99063197805373	-327.7362025207808	40.20923076923077	64.31571753549066	-362.2358012196154	57.8841457819416	-326.0122210976539	304.7101825685706	304.7101825685706
35.74153846153848	59.23543851344605	-390.2337593394959	53.311894662101444	-351.21038340554634	35.74153846153848	62.6266830632411	-390.2337593394959	56.364014756916994	-351.21038340554634	304.7101825685706	304.7101825685706
31.273846153846137	56.764261139874435	-410.56957780103454	51.087835025886996	-369.5126200209311	31.273846153846137	60.15550568966949	-410.56957780103454	54.13995512070254	-369.5126200209311	304.7101825685706	304.7101825685706
26.806153846153848	54.21585771354829	-430.90539626257294	48.79427194219346	-387.81485663631565	26.806153846153848	57.60710226334334	-430.90539626257294	51.84639203700901	-387.81485663631565	304.7101825685706	304.7101825685706
22.33846153846156	51.590228234467595	-451.2412147241113	46.431205411020834	-406.11709325170017	22.33846153846156	54.98147278426264	-451.2412147241113	49.483325505836376	-406.11709325170017	304.7101825685706	304.7101825685706
17.870769230769213	48.8873727026323	-471.5770331856499	43.99863543236907	-424.4193298670849	17.870769230769213	52.27861725242735	-471.5770331856499	47.05075552718462	-424.4193298670849	304.7101825685706	304.7101825685706
13.403076923076924	46.10729111804249	-491.9128516471883	41.49656200623824	-442.7215664824695	13.403076923076924	49.498535667837544	-491.9128516471883	44.54868210105379	-442.7215664824695	304.7101825685706	304.7101825685706
8.935384615384635	43.24998348069812	-512.2486701087266	38.92498513262831	-461.023803097854	8.935384615384635	46.641228030493174	-512.2486701087266	41.97710522744386	-461.023803097854	304.7101825685706	304.7101825685706
4.467692307692346	40.3154497905992	-532.584488570265	36.28390481153929	-479.32603971323846	4.467692307692346	43.70669434039426	-532.584488570265	39.33602490635483	-479.32603971323846	304.7101825685706	304.7101825685706
0	37.30369004774569	-552.9203070318036	33.57332104297112	-497.6282763286233	0	40.694934597540744	-552.9203070318036	36.62544113778667	-497.6282763286233	304.7101825685706	304.7101825685706
-4.467692307692289	-40.39267584335372	532.5844885702652	-26.25523929817992	346.1799175706724	-4.467692307692289	-43.783920393148776	532.5844885702652	-28.459548255546704	346.1799175706724	304.7101825685706	304.7101825685706
-8.935384615384578	-43.558887691716315	512.2486701087269	-28.313276999615606	332.96163557067246	-8.935384615384578	-46.95013224151136	512.2486701087269	-30.517585956982387	332.96163557067246	304.7101825685706	304.7101825685706
-13.403076923076924	-46.802325592833505	491.9128516471883	-30.42151163534178	319.7433535706724	-13.403076923076924	-50.193570142628545	491.9128516471883	-32.62582059270856	319.7433535706724	304.7101825685706	304.7101825685706
-17.870769230769213	-50.1229895467052	471.5770331856499	-32.57994320535838	306.5250715706724	-17.870769230769213	-53.514234096500246	471.5770331856499	-34.78425216272516	306.5250715706724	304.7101825685706	304.7101825685706
-22.3384615384615	-53.520879553331454	451.24121472411156	-34.78857170966545	293.30678957067255	-22.3384615384615	-56.91212410312651	451.24121472411156	-36.99288066703223	293.30678957067255	304.7101825685706	304.7101825685706
-26.806153846153848	-56.99599561271231	430.90539626257294	-37.047397148263	280.0885075706724	-26.806153846153848	-60.38724016250737	430.90539626257294	-39.25170610562979	280.0885075706724	304.7101825685706	304.7101825685706
-31.273846153846137	-60.54833772484768	410.56957780103454	-39.35641952115099	266.87022557067246	-31.273846153846137	-63.93958227464273	410.56957780103454	-41.560728478517774	266.87022557067246	304.7101825685706	304.7101825685706
-35.741538461538426	-64.1779058897376	390.23375933949615	-41.715638828329446	253.6519435706725	-35.741538461538426	-67.56915043953266	390.23375933949615	-43.91994778569623	253.6519435706725	304.7101825685706	304.7101825685706
-40.20923076923077	-67.88470010738213	369.8979408779575	-44.125055069798385	240.4336615706724	-40.20923076923077	-71.27594465717719	369.8979408779575	-46.32936402716518	240.4336615706724	304.7101825685706	304.7101825685706
-44.67692307692306	-71.66872037778117	349.5621224164192	-46.584668245557765	227.21537957067247	-44.67692307692306	-75.05996492757622	349.5621224164192	-48.78897720292454	227.21537957067247	304.7101825685706	304.7101825685706
-49.14461538461535	-75.52996670093476	329.2263039548808	-49.0944783556076	213.9970975706725	-49.14461538461535	-78.92121125072981	329.2263039548808	-51.298787312974376	213.9970975706725	304.7101825685706	304.7101825685706
-53.612307692307695	-79.46843907684296	308.89048549334217	-51.65448539994792	200.7788155706724	-53.612307692307695	-82.85968362663802	308.89048549334217	-53.858794357314714	200.7788155706724	304.7101825685706	304.7101825685706
-58.079999999999984	-83.48413750550567	288.5546670318038	-54.26468937857869	187.56053357067245	-58.079999999999984	-86.87538205530072	288.5546670318038	-56.46899833594547	187.56053357067245	304.7101825685706	304.7101825685706
-62.54769230769227	-87.57706198692291	268.2188485702654	-56.9250902914999	174.34225157067252	-62.54769230769227	-90.96830653671798	268.2188485702654	-59.12939924886668	174.34225157067252	304.7101825685706	304.7101825685706
-67.01538461538456	-91.74721252109474	247.88303010872698	-59.63568813871158	161.12396957067256	-67.01538461538456	-95.1384570708898	247.88303010872698	-61.83999709607837	161.12396957067256	304.7101825685706	304.7101825685706
-71.48307692307691	-95.99458910802116	227.54721164718842	-62.39648292021376	147.90568757067248	-71.48307692307691	-99.38583365781622	227.54721164718842	-64.60079187758055	147.90568757067248	304.7101825685706	304.7101825685706
-75.95076923076925	-100.31919174770215	207.21139318564977	-65.2074746360064	134.68740557067235	-75.95076923076925	-103.71043629749721	207.21139318564977	-67.41178359337319	134.68740557067235	304.7101825685706	304.7101825685706
-80.41846153846149	-104.72102044013758	186.8755747241116	-68.06866328608943	121.46912357067255	-80.41846153846149	-108.11226498993263	186.8755747241116	-70.27297224345621	121.46912357067255	304.7101825685706	304.7101825685706
-84.88615384615383	-109.20007518532766	166.53975626257295	-70.98004887046298	108.25084157067242	-84.88615384615383	-112.59131973512271	166.53975626257295	-73.18435782782976	108.25084157067242	304.7101825685706	304.7101825685706
-89.35384615384618	-113.75635598327234	146.20393780103436	-73.94163138912702	95.03255957067233	-89.35384615384618	-117.1476005330674	146.20393780103436	-76.14594034649382	95.03255957067233	304.7101825685706	304.7101825685706
-93.82153846153841	-118.38986283397142	125.86811933949625	-76.95341084208142	81.81427757067256	-93.82153846153841	-121.78110738376647	125.86811933949625	-79.1577197994482	81.81427757067256	304.7101825685706	304.7101825685706
-98.28923076923076	-123.10059573742518	105.53230087795761	-80.01538722932636	68.59599557067244	-98.28923076923076	-126.49184028722023	105.53230087795761	-82.21969618669316	68.59599557067244	304.7101825685706	304.7101825685706
-102.7569230769231	-127.88855469363352	85.19648241641902	-83.12756055086179	55.37771357067236	-102.7569230769231	-131.27979924342858	85.19648241641902	-85.33186950822858	55.37771357067236	304.7101825685706	304.7101825685706
-107.22461538461533	-132.75373970259628	64.8606639548809	-86.28993080668758	42.15943157067259	-107.22461538461533	-136.14498425239134	64.8606639548809	-88.49423976405437	42.15943157067259	304.7101825685706	304.7101825685706
-111.69230769230768	-137.6961507643137	44.52484549334226	-89.50249799680391	28.941149570672472	-111.69230769230768	-141.08739531410876	44.52484549334226	-91.7068069541707	28.941149570672472	304.7101825685706	304.7101825685706
-116.16000000000003	-142.7157878787857	24.189027031803622	-92.76526212121071	15.722867570672355	-116.16000000000003	-146.10703242858077	24.189027031803622	-94.9695710785775	15.722867570672355	304.7101825685706	304.7101825685706
-120.62769230769226	-147.8126510460121	3.8532085702655605	-96.07822317990787	2.5045855706726146	-120.62769230769226	-151.20389559580715	3.8532085702655605	-98.28253213727466	2.5045855706726146	304.7101825685706	304.7101825685706
-125.0953846153846	-152.98674026599323	-16.482609891273082	-99.4413811728956	-10.713696429327504	-125.0953846153846	-156.37798481578827	-16.482609891273082	-101.64569013026238	-10.713696429327504	304.7101825685706	304.7101825685706
-129.56307692307695	-158.23805553872887	-36.81842835281172	-102.85473610017377	-23.93197842932762	-129.56307692307695	-161.6293000885239	-36.81842835281172	-105.05904505754054	-23.93197842932762	304.7101825685706	304.7101825685706
-134.03076923076918	-163.56659686421898	-57.15424681434978	-106.31828796174234	-37.15026042932736	-134.03076923076918	-166.95784141401404	-57.15424681434978	-108.52259691910913	-37.15026042932736	304.7101825685706	304.7101825685706
-138.49846153846153	-168.97236424246375	-77.49006527588854	-109.83203675760144	-50.368542429327555	-138.49846153846153	-172.3636087922588	-77.49006527588854	-112.03634571496822	-50.368542429327555	304.7101825685706	304.7101825685706
-142.96615384615387	-174.4553576734631	-97.82588373742706	-113.39598248775103	-63.58682442932759	-142.96615384615387	-177.84660222325812	-97.82588373742706	-115.60029144511778	-63.58682442932759	304.7101825685706	304.7101825685706
-147.4338461538461	-180.01557715721682	-118.16170219896536	-117.01012515219094	-76.80510642932748	-147.4338461538461	-183.4068217070119	-118.16170219896536	-119.21443410955773	-76.80510642932748	304.7101825685706	304.7101825685706
-151.90153846153845	-185.65302269372535	-138.49752066050388	-120.67446475092147	-90.02338842932753	-151.90153846153845	-189.04426724352038	-138.49752066050388	-122.87877370828825	-90.02338842932753	304.7101825685706	304.7101825685706
-156.3692307692308	-191.3676942829883	-158.83333912204253	-124.3890012839424	-103.24167042932766	-156.3692307692308	-194.75893883278334	-158.83333912204253	-126.59331024130918	-103.24167042932766	304.7101825685706	304.7101825685706
-160.83692307692303	-197.15959192500566	-179.16915758358058	-128.1537347512537	-116.45995242932739	-160.83692307692303	-200.55083647480072	-179.16915758358058	-130.35804370862047	-116.45995242932739	304.7101825685706	304.7101825685706
-165.30461538461537	-203.02871561977778	-199.50497604511924	-131.96866515285558	-129.67823442932752	-165.30461538461537	-206.41996016957285	-199.50497604511924	-134.17297411022236	-129.67823442932752	304.7101825685706	304.7101825685706
-169.77230769230772	-208.9750653673045	-219.8407945066579	-135.83379248874792	-142.89651642932762	-169.77230769230772	-212.36630991709956	-219.8407945066579	-138.03810144611472	-142.89651642932762	304.7101825685706	304.7101825685706
-174.23999999999995	-214.9986411675856	-240.17661296819605	-139.74911675893063	-156.11479842932744	-174.23999999999995	-218.38988571738062	-240.17661296819605	-141.9534257162974	-156.11479842932744	304.7101825685706	304.7101825685706
-178.7076923076923	-221.09944302062135	-260.5124314297347	-143.71463796340387	-169.33308042932757	-178.7076923076923	-224.4906875704164	-260.5124314297347	-145.91894692077068	-169.33308042932757	304.7101825685706	304.7101825685706
-183.17538461538464	-227.27747092641172	-280.8482498912732	-147.73035610216763	-182.55136242932758	-183.17538461538464	-230.66871547620676	-280.8482498912732	-149.9346650595344	-182.55136242932758	304.7101825685706	304.7101825685706
-187.64307692307688	-233.53272488495648	-301.1840683528115	-151.7962711752217	-195.76964442932749	-187.64307692307688	-236.92396943475154	-301.1840683528115	-154.0005801325885	-195.76964442932749	304.7101825685706	304.7101825685706
-192.11076923076922	-239.86520489625596	-321.51988681435006	-155.91238318256637	-208.98792642932756	-192.11076923076922	-243.25644944605102	-321.51988681435006	-158.11669213993318	-208.98792642932756	304.7101825685706	304.7101825685706
-196.57846153846157	-246.27491096030997	-341.8557052758887	-160.0786921242015	-222.20620842932766	-196.57846153846157	-249.666155510105	-341.8557052758887	-162.28300108156824	-222.20620842932766	304.7101825685706	304.7101825685706
-201.0461538461538	-252.76184307711839	-362.19152373742673	-164.29519800012696	-235.4244904293274	-201.0461538461538	-256.1530876269134	-362.19152373742673	-166.49950695749374	-235.4244904293274	304.7101825685706	304.7101825685706
-205.51384615384615	-259.3260012466814	-382.52734219896536	-168.56190081034293	-248.6427724293275	-205.51384615384615	-262.7172457964765	-382.52734219896536	-170.76620976770974	-248.6427724293275	304.7101825685706	304.7101825685706
-209.9815384615385	-265.96738546899917	-402.86316066050404	-172.87880055484948	-261.8610544293276	-209.9815384615385	-269.3586300187942	-402.86316066050404	-175.08310951221623	-261.8610544293276	304.7101825685706	304.7101825685706
-214.44923076923072	-272.6859957440713	-423.1989791220422	-177.24589723364636	-275.07933642932744	-214.44923076923072	-276.07724029386634	-423.1989791220422	-179.45020619101314	-275.07933642932744	304.7101825685706	304.7101825685706
-218.91692307692307	-279.48183207189805	-443.5347975835808	-181.66319084673376	-288.29761842932754	-218.91692307692307	-282.8730766216931	-443.5347975835808	-183.8674998041005	-288.29761842932754	304.7101825685706	304.7101825685706
-223.38461538461542	-286.3548944524794	-463.8706160451195	-186.13068139411163	-301.5159004293277	-223.38461538461542	-289.7461390022745	-463.8706160451195	-188.33499035147844	-301.5159004293277	304.7101825685706	304.7101825685706
-227.85230769230765	-293.3051828858152	-484.20643450665744	-190.6483688757799	-314.73418242932735	-227.85230769230765	-296.69642743561025	-484.20643450665744	-192.85267783314666	-314.73418242932735	304.7101825685706	304.7101825685706
-232.32	-300.3326973719056	-504.5422529681962	-195.21625329173867	-327.9524644293275	-232.32	-303.7239419217007	-504.5422529681962	-197.42056224910547	-327.9524644293275	304.7101825685706	304.7101825685706
-236.78769230769234	-307.4374379107506	-524.8780714297347	-199.83433464198788	-341.1707464293276	-236.78769230769234	-310.8286824605456	-524.8780714297347	-202.03864359935466	-341.1707464293276	304.7101825685706	304.7101825685706
-241.25538461538457	-314.61940450235016	-545.213889891273	-204.5026129265276	-354.3890284293274	-241.25538461538457	-318.01064905214514	-545.213889891273	-206.70692188389435	-354.3890284293274	304.7101825685706	304.7101825685706
-245.72307692307692	-321.8785971467042	-565.5497083528115	-209.22108814535773	-367.6073104293275	-245.72307692307692	-325.2698416964992	-565.5497083528115	-211.4253971027245	-367.6073104293275	304.7101825685706	304.7101825685706
-250.19076923076926	-329.21501584381286	-585.8855268143503	-213.98976029847836	-380.82559242932774	-250.19076923076926	-332.6062603936079	-585.8855268143503	-216.19406925584514	-380.82559242932774	304.7101825685706	304.7101825685706
-254.6584615384615	-336.628660593676	-606.2213452758883	-218.8086293858894	-394.04387442932745	-254.6584615384615	-340.019905143471	-606.2213452758883	-221.01293834325617	-394.04387442932745	304.7101825685706	304.7101825685706
-259.12615384615384	-344.1195313962938	-626.5571637374269	-223.67769540759096	-407.2621564293275	-259.12615384615384	-347.5107759460888	-626.5571637374269	-225.88200436495774	-407.2621564293275	304.7101825685706	304.7101825685706
-263.5938461538462	-351.6876282516662	-646.8929821989657	-228.596958363583	-420.4804384293277	-263.5938461538462	-355.0788728014612	-646.8929821989657	-230.8012673209498	-420.4804384293277	304.7101825685706	304.7101825685706
-268.0615384615384	-359.33295115979297	-667.2288006605037	-233.56641825386544	-433.6987204293274	-268.0615384615384	-362.724195709588	-667.2288006605037	-235.7707272112322	-433.6987204293274	304.7101825685706	304.7101825685706
-272.52923076923076	-367.0555001206744	-687.5646191220422	-238.58607507843837	-446.91700242932745	-272.52923076923076	-370.44674467046946	-687.5646191220422	-240.79038403580515	-446.91700242932745	304.7101825685706	304.7101825685706
-276.9969230769231	-374.85527513431043	-707.9004375835809	-243.6559288373018	-460.1352844293276	-276.9969230769231	-378.24651968410546	-707.9004375835809	-245.86023779466856	-460.1352844293276	304.7101825685706	304.7101825685706
-281.46461538461534	-382.7322762007009	-728.2362560451193	-248.77597953045557	-473.35356642932754	-281.46461538461534	-386.1235207504959	-728.2362560451193	-250.98028848782235	-473.35356642932754	304.7101825685706	304.7101825685706
-285.9323076923077	-390.686503319846	-748.5720745066576	-253.9462271578999	-486.5718484293275	-285.9323076923077	-394.07774786964103	-748.5720745066576	-256.1505361152667	-486.5718484293275	304.7101825685706	304.7101825685706
-290.40000000000003	-398.7179564917457	-768.9078929681963	-259.16667171963473	-499.7901304293276	-290.40000000000003	-402.10920104154076	-768.9078929681963	-261.3709806770015	-499.7901304293276	304.7101825685706	304.7101825685706
-294.86769230769227	-406.8266357163997	-789.2437114297344	-264.43731321565986	-513.0084124293273	-294.86769230769227	-410.21788026619475	-789.2437114297344	-266.6416221730266	-513.0084124293273	304.7101825685706	304.7101825685706
-299.3353846153846	-415.0125409938085	-809.5795298912732	-269.75815164597554	-526.2266944293276	-299.3353846153846	-418.40378554360353	-809.5795298912732	-271.9624606033423	-526.2266944293276	304.7101825685706	304.7101825685706
-303.80307692307696	-423.275672323972	-829.9153483528119	-275.1291870105818	-539.4449764293278	-303.80307692307696	-426.66691687376704	-829.9153483528119	-277.3334959679486	-539.4449764293278	304.7101825685706	304.7101825685706
-308.2707692307692	-431.61602970688966	-850.2511668143497	-280.5504193094783	-552.6632584293274	-308.2707692307692	-435.0072742566847	-850.2511668143497	-282.75472826684506	-552.6632584293274	304.7101825685706	304.7101825685706
-312.73846153846154	-440.0336131425623	-870.5869852758885	-286.0218485426655	-565.8815404293275	-312.73846153846154	-443.4248576923573	-870.5869852758885	-288.2261575000323	-565.8815404293275	304.7101825685706	304.7101825685706
-317.2061538461539	-448.52842263098916	-890.922803737427	-291.54347471014296	-579.0998224293276	-317.2061538461539	-451.9196671807842	-890.922803737427	-293.74778366750974	-579.0998224293276	304.7101825685706	304.7101825685706
-321.6738461538461	-457.1004581721706	-911.2586221989651	-297.1152978119109	-592.3181044293274	-321.6738461538461	-460.4917027219656	-911.2586221989651	-299.31960676927764	-592.3181044293274	304.7101825685706	304.7101825685706
-326.14153846153846	-465.74971976610675	-931.5944406605038	-302.7373178479694	-605.5363864293274	-326.14153846153846	-469.1409643159018	-931.5944406605038	-304.94162680533617	-605.5363864293274	304.7101825685706	304.7101825685706
-330.6092307692308	-474.47620741279763	-951.9302591220423	-308.4095348183185	-618.7546684293276	-330.6092307692308	-477.86745196259267	-951.9302591220423	-310.61384377568527	-618.7546684293276	304.7101825685706	304.7101825685706
-335.07692307692304	-483.2799211122426	-972.2660775835807	-314.1319487229577	-631.9729504293275	-335.07692307692304	-486.67116566203765	-972.2660775835807	-316.3362576803245	-631.9729504293275	304.7101825685706	304.7101825685706
-339.5446153846154	-492.1608608644425	-992.6018960451194	-319.90455956188765	-645.1912324293276	-339.5446153846154	-495.55210541423753	-992.6018960451194	-322.10886851925443	-645.1912324293276	304.7101825685706	304.7101825685706
-344.01230769230773	-501.1190266693968	-1012.9377145066577	-325.72736733510794	-658.4095144293275	-344.01230769230773	-504.51027121919185	-1012.9377145066577	-327.9316762924747	-658.4095144293275	304.7101825685706	304.7101825685706
-348.47999999999996	-510.1544185271055	-1033.273532968196	-331.6003720426186	-671.6277964293274	-348.47999999999996	-513.5456630769006	-1033.273532968196	-333.8046809999854	-671.6277964293274	304.7101825685706	304.7101825685706
-352.9476923076923	-519.267036437569	-1053.6093514297345	-337.5235736844199	-684.8460784293275	-352.9476923076923	-522.658280987364	-1053.6093514297345	-339.72788264178666	-684.8460784293275	304.7101825685706	304.7101825685706
-357.41538461538465	-528.4568804007871	-1073.945169891273	-343.49697226051165	-698.0643604293275	-357.41538461538465	-531.8481249505821	-1073.945169891273	-345.7012812178784	-698.0643604293275	304.7101825685706	304.7101825685706
-361.8830769230769	-537.7239504167596	-1094.2809883528114	-349.52056777089376	-711.2826424293274	-361.8830769230769	-541.1151949665547	-1094.2809883528114	-351.72487672826054	-711.2826424293274	304.7101825685706	304.7101825685706
-366.35076923076923	-547.0682464854866	-1114.6168068143497	-355.5943602155663	-724.5009244293274	-366.35076923076923	-550.4594910352816	-1114.6168068143497	-357.7986691729331	-724.5009244293274	304.7101825685706	304.7101825685706
-370.8184615384616	-556.4897686069684	-1134.9526252758885	-361.71834959452946	-737.7192064293275	-370.8184615384616	-559.8810131567635	-1134.9526252758885	-363.9226585518963	-737.7192064293275	304.7101825685706	304.7101825685706
-375.2861538461538	-565.9885167812043	-1155.2884437374269	-367.8925359077828	-750.9374884293275	-375.2861538461538	-569.3797613309995	-1155.2884437374269	-370.0968448651497	-750.9374884293275	304.7101825685706	304.7101825685706
-379.75384615384615	-575.5644910081953	-1175.6242621989657	-374.11691915532697	-764.1557704293277	-379.75384615384615	-578.9557355579904	-1175.6242621989657	-376.32122811269375	-764.1557704293277	304.7101825685706	304.7101825685706
-384.2215384615385	-585.2176912879407	-1195.9600806605038	-380.3914993371615	-777.3740524293274	-384.2215384615385	-588.6089358377358	-1195.9600806605038	-382.59580829452824	-777.3740524293274	304.7101825685706	304.7101825685706
-388.68923076923073	-594.9481176204405	-1216.295899122042	-386.71627645328635	-790.5923344293274	-388.68923076923073	-598.3393621702355	-1216.295899122042	-388.9205854106531	-790.5923344293274	304.7101825685706	304.7101825685706
-393.1569230769231	-604.755770005695	-1236.631717583581	-393.09125050370176	-803.8106164293276	-393.1569230769231	-608.14701455549	-1236.631717583581	-395.29555946106854	-803.8106164293276	304.7101825685706	304.7101825685706
-397.6246153846154	-614.6406484437041	-1256.9675360451192	-399.5164214884077	-817.0288984293276	-397.6246153846154	-618.0318929934991	-1256.9675360451192	-401.72073044577445	-817.0288984293276	304.7101825685706	304.7101825685706
-402.09230769230766	-624.6027529344674	-1277.3033545066576	-405.9917894074038	-830.2471804293275	-402.09230769230766	-627.9939974842624	-1277.3033545066576	-408.1960983647706	-830.2471804293275	304.7101825685706	304.7101825685706
-406.56	-634.6420834779856	-1297.6391729681957	-412.51735426069064	-843.4654624293272	-406.56	-638.0333280277806	-1297.6391729681957	-414.7216632180574	-843.4654624293272	304.7101825685706	304.7101825685706
-411.02769230769235	-644.7586400742584	-1317.9749914297345	-419.093116048268	-856.6837444293275	-411.02769230769235	-648.1498846240535	-1317.9749914297345	-421.29742500563475	-856.6837444293275	304.7101825685706	304.7101825685706
-415.4953846153846	-654.9524227232855	-1338.3108098912728	-425.7190747701356	-869.9020264293274	-415.4953846153846	-658.3436672730805	-1338.3108098912728	-427.92338372750237	-869.9020264293274	304.7101825685706	304.7101825685706
-419.9630769230769	-665.2234314250671	-1358.6466283528111	-432.39523042629367	-883.1203084293272	-419.9630769230769	-668.6146759748622	-1358.6466283528111	-434.59953938366044	-883.1203084293272	304.7101825685706	304.7101825685706
-424.43076923076916	-675.5716661796033	-1378.9824468143495	-439.1215830167422	-896.3385904293272	-424.43076923076916	-678.9629107293983	-1378.9824468143495	-441.3258919741089	-896.3385904293272	304.7101825685706	304.7101825685706
-428.8984615384615	-685.9971269868945	-1399.3182652758883	-445.89813254148146	-909.5568724293274	-428.8984615384615	-689.3883715366895	-1399.3182652758883	-448.10244149884824	-909.5568724293274	304.7101825685706	304.7101825685706
-433.36615384615385	-696.4998138469399	-1419.6540837374268	-452.72487900051095	-922.7751544293275	-433.36615384615385	-699.8910583967349	-1419.6540837374268	-454.92918795787773	-922.7751544293275	304.7101825685706	304.7101825685706
-437.8338461538461	-707.0797267597397	-1439.9899021989647	-459.60182239383084	-935.9934364293271	-437.8338461538461	-710.4709713095348	-1439.9899021989647	-461.8061313511976	-935.9934364293271	304.7101825685706	304.7101825685706
-442.3015384615384	-717.7368657252944	-1460.3257206605035	-466.52896272144136	-949.2117184293273	-442.3015384615384	-721.1281102750894	-1460.3257206605035	-468.73327167880814	-949.2117184293273	304.7101825685706	304.7101825685706
-446.7692307692308	-728.4712307436034	-1480.6615391220423	-473.5062999833422	-962.4300004293275	-446.7692307692308	-731.8624752933985	-1480.6615391220423	-475.710608940709	-962.4300004293275	304.7101825685706	304.7101825685706
-451.236923076923	-739.282821814667	-1500.9973575835807	-480.5338341795336	-975.6482824293274	-451.236923076923	-742.6740663644621	-1500.9973575835807	-482.73814313690036	-975.6482824293274	304.7101825685706	304.7101825685706
-455.70461538461535	-750.1716389384853	-1521.3331760451188	-487.61156531001546	-988.8665644293272	-455.70461538461535	-753.5628834882804	-1521.3331760451188	-489.81587426738224	-988.8665644293272	304.7101825685706	304.7101825685706
-460.1723076923077	-761.1376821150584	-1541.6689945066576	-494.73949337478797	-1002.0848464293274	-460.1723076923077	-764.5289266648534	-1541.6689945066576	-496.94380233215475	-1002.0848464293274	304.7101825685706	304.7101825685706
-464.63999999999993	-772.1809513443853	-1562.0048129681954	-501.9176183738505	-1015.3031284293271	-464.63999999999993	-775.5721958941804	-1562.0048129681954	-504.12192733121725	-1015.3031284293271	304.7101825685706	304.7101825685706
-469.1076923076923	-783.3014466264673	-1582.3406314297342	-509.1459403072038	-1028.5214104293273	-469.1076923076923	-786.6926911762623	-1582.3406314297342	-511.35024926457055	-1028.5214104293273	304.7101825685706	304.7101825685706
-473.5753846153846	-794.4991679613039	-1602.6764498912726	-516.4244591748476	-1041.7396924293273	-473.5753846153846	-797.8904125110989	-1602.6764498912726	-518.6287681322143	-1041.7396924293273	304.7101825685706	304.7101825685706
-478.04307692307685	-805.7741153488946	-1623.012268352811	-523.7531749767816	-1054.9579744293271	-478.04307692307685	-809.1653598986896	-1623.012268352811	-525.9574839341483	-1054.9579744293271	304.7101825685706	304.7101825685706
-482.5107692307692	-817.1262887892406	-1643.3480868143495	-531.1320877130064	-1068.1762564293272	-482.5107692307692	-820.5175333390356	-1643.3480868143495	-533.3363966703731	-1068.1762564293272	304.7101825685706	304.7101825685706
-486.97846153846154	-828.5556882823406	-1663.6839052758883	-538.5611973835214	-1081.3945384293274	-486.97846153846154	-831.9469328321356	-1663.6839052758883	-540.7655063408882	-1081.3945384293274	304.7101825685706	304.7101825685706
-491.4461538461538	-840.0623138281951	-1684.0197237374261	-546.0405039883268	-1094.612820429327	-491.4461538461538	-843.4535583779901	-1684.0197237374261	-548.2448129456936	-1094.612820429327	304.7101825685706	304.7101825685706
-495.9138461538461	-851.6461654268045	-1704.3555421989654	-553.570007527423	-1107.8311024293275	-495.9138461538461	-855.0374099765995	-1704.3555421989654	-555.7743164847897	-1107.8311024293275	304.7101825685706	304.7101825685706
-500.38153846153847	-863.3072430781682	-1724.6913606605037	-561.1497080008094	-1121.0493844293276	-500.38153846153847	-866.6984876279632	-1724.6913606605037	-563.3540169581761	-1121.0493844293276	304.7101825685706	304.7101825685706
-504.8492307692307	-875.0455467822864	-1745.0271791220414	-568.7796054084862	-1134.267666429327	-504.8492307692307	-878.4367913320814	-1745.0271791220414	-570.9839143658529	-1134.267666429327	304.7101825685706	304.7101825685706
-509.31692307692305	-886.8610765391594	-1765.3629975835802	-576.4596997504536	-1147.4859484293272	-509.31692307692305	-890.2523210889544	-1765.3629975835802	-578.6640087078204	-1147.4859484293272	304.7101825685706	304.7101825685706
-513.7846153846153	-898.7538323487868	-1785.698816045119	-584.1899910267114	-1160.7042304293275	-513.7846153846153	-902.1450768985818	-1785.698816045119	-586.3942999840782	-1160.7042304293275	304.7101825685706	304.7101825685706
-518.2523076923076	-910.7238142111686	-1806.0346345066569	-591.9704792372596	-1173.922512429327	-518.2523076923076	-914.1150587609636	-1806.0346345066569	-594.1747881946263	-1173.922512429327	304.7101825685706	304.7101825685706
-522.72	-922.7710221263055	-1826.370452968196	-599.8011643820986	-1187.1407944293276	-522.72	-926.1622666761006	-1826.370452968196	-602.0054733394654	-1187.1407944293276	304.7101825685706	304.7101825685706
-527.1876923076923	-934.8954560941967	-1846.7062714297344	-607.6820464612279	-1200.3590764293274	-527.1876923076923	-938.2867006439917	-1846.7062714297344	-609.8863554185946	-1200.3590764293274	304.7101825685706	304.7101825685706
-531.6553846153845	-947.097116114842	-1867.0420898912726	-615.6131254746473	-1213.5773584293272	-531.6553846153845	-950.4883606646371	-1867.0420898912726	-617.8174344320141	-1213.5773584293272	304.7101825685706	304.7101825685706
-536.123076923077	-959.3760021882426	-1887.3779083528113	-623.5944014223577	-1226.7956404293275	-536.123076923077	-962.7672467380377	-1887.3779083528113	-625.7987103797245	-1226.7956404293275	304.7101825685706	304.7101825685706
-540.5907692307692	-971.7321143143972	-1907.7137268143497	-631.6258743043583	-1240.0139224293273	-540.5907692307692	-975.1233588641923	-1907.7137268143497	-633.830183261725	-1240.0139224293273	304.7101825685706	304.7101825685706
-545.0584615384614	-984.1654524933064	-1928.0495452758876	-639.7075441206491	-1253.2322044293269	-545.0584615384614	-987.5566970431014	-1928.0495452758876	-641.911853078016	-1253.2322044293269	304.7101825685706	304.7101825685706
-549.5261538461539	-996.6760167249706	-1948.3853637374273	-647.8394108712309	-1266.4504864293278	-549.5261538461539	-1000.0672612747657	-1948.3853637374273	-650.0437198285977	-1266.4504864293278	304.7101825685706	304.7101825685706
-553.9938461538461	-1009.2638070093888	-1968.721182198965	-656.0214745561027	-1279.6687684293272	-553.9938461538461	-1012.6550515591838	-1968.721182198965	-658.2257835134695	-1279.6687684293272	304.7101825685706	304.7101825685706
-558.4615384615383	-1021.9288233465619	-1989.0570006605028	-664.2537351752652	-1292.8870504293268	-558.4615384615383	-1025.320067896357	-1989.0570006605028	-666.458044132632	-1292.8870504293268	304.7101825685706	304.7101825685706
-562.9292307692308	-1034.6710657364897	-2009.392819122042	-672.5361927287183	-1306.1053324293273	-562.9292307692308	-1038.0623102862849	-2009.392819122042	-674.7405016860852	-1306.1053324293273	304.7101825685706	304.7101825685706
-567.396923076923	-1047.4905341791716	-2029.7286375835804	-680.8688472164616	-1319.3236144293273	-567.396923076923	-1050.8817787289665	-2029.7286375835804	-683.0731561738282	-1319.3236144293273	304.7101825685706	304.7101825685706
-571.8646153846153	-1060.387228674608	-2050.0644560451183	-689.2516986384952	-1332.541896429327	-571.8646153846153	-1063.7784732244031	-2050.0644560451183	-691.456007595862	-1332.541896429327	304.7101825685706	304.7101825685706
-576.3323076923077	-1073.3611492227997	-2070.4002745066573	-697.6847469948198	-1345.7601784293272	-576.3323076923077	-1076.7523937725946	-2070.4002745066573	-699.8890559521865	-1345.7601784293272	304.7101825685706	304.7101825685706
-580.8	-1086.4122958237451	-2090.736092968196	-706.1679922854344	-1358.9784604293275	-580.8	-1089.8035403735403	-2090.736092968196	-708.3723012428012	-1358.9784604293275	304.7101825685706	304.7101825685706
-585.2676923076924	-1099.540668477446	-2111.071911429735	-714.7014345103399	-1372.1967424293277	-585.2676923076924	-1102.931913027241	-2111.071911429735	-716.9057434677068	-1372.1967424293277	304.7101825685706	304.7101825685706
-589.7353846153846	-1112.7462671839007	-2131.407729891273	-723.2850736695354	-1385.4150244293276	-589.7353846153846	-1116.1375117336959	-2131.407729891273	-725.4893826269024	-1385.4150244293276	304.7101825685706	304.7101825685706
-594.2030769230769	-1126.0290919431102	-2151.743548352811	-731.9189097630217	-1398.6333064293274	-594.2030769230769	-1129.4203364929053	-2151.743548352811	-734.1232187203885	-1398.6333064293274	304.7101825685706	304.7101825685706
-598.6707692307693	-1139.3891427550745	-2172.07936681435	-740.6029427907985	-1411.8515884293276	-598.6707692307693	-1142.7803873048697	-2172.07936681435	-742.8072517481653	-1411.8515884293276	304.7101825685706	304.7101825685706
-603.1384615384616	-1152.8264196197927	-2192.4151852758882	-749.3371727528653	-1425.0698704293275	-603.1384615384616	-1156.2176641695878	-2192.4151852758882	-751.5414817102321	-1425.0698704293275	304.7101825685706	304.7101825685706
-607.6061538461538	-1166.340922537266	-2212.7510037374263	-758.1215996492228	-1438.2881524293273	-607.6061538461538	-1169.732167087061	-2212.7510037374263	-760.3259086065897	-1438.2881524293273	304.7101825685706	304.7101825685706
-612.0738461538463	-1179.932651507494	-2233.086822198966	-766.9562234798711	-1451.5064344293278	-612.0738461538463	-1183.3238960572892	-2233.086822198966	-769.160532437238	-1451.5064344293278	304.7101825685706	304.7101825685706
-616.5415384615385	-1193.6016065304757	-2253.4226406605035	-775.8410442448093	-1464.7247164293274	-616.5415384615385	-1196.9928510802708	-2253.4226406605035	-778.0453532021761	-1464.7247164293274	304.7101825685706	304.7101825685706
-621.0092307692307	-1207.3477876062127	-2273.758459122042	-784.7760619440382	-1477.9429984293274	-621.0092307692307	-1210.7390321560079	-2273.758459122042	-786.9803709014051	-1477.9429984293274	304.7101825685706	304.7101825685706
-625.4769230769232	-1221.1711947347044	-2294.094277583581	-793.7612765775579	-1491.1612804293277	-625.4769230769232	-1224.5624392844995	-2294.094277583581	-795.9655855349247	-1491.1612804293277	304.7101825685706	304.7101825685706
-629.9446153846154	-1235.07182791595	-2314.4300960451187	-802.7966881453675	-1504.3795624293273	-629.9446153846154	-1238.4630724657452	-2314.4300960451187	-805.0009971027345	-1504.3795624293273	304.7101825685706	304.7101825685706
-634.4123076923076	-1249.0496871499504	-2334.7659145066577	-811.8822966474678	-1517.5978444293276	-634.4123076923076	-1252.4409316997455	-2334.7659145066577	-814.0866056048346	-1517.5978444293276	304.7101825685706	304.7101825685706
-638.8800000000001	-1263.1047724367058	-2355.1017329681963	-821.0181020838588	-1530.8161264293276	-638.8800000000001	-1266.496016986501	-2355.1017329681963	-823.2224110412257	-1530.8161264293276	304.7101825685706	304.7101825685706
-643.3476923076923	-1277.2370837762153	-2375.4375514297344	-830.20410445454	-1544.0344084293274	-643.3476923076923	-1280.6283283260104	-2375.4375514297344	-832.4084134119068	-1544.0344084293274	304.7101825685706	304.7101825685706
-647.8153846153846	-1291.4466211684787	-2395.7733698912725	-839.4403037595112	-1557.2526904293272	-647.8153846153846	-1294.8378657182739	-2395.7733698912725	-841.644612716878	-1557.2526904293272	304.7101825685706	304.7101825685706
-652.283076923077	-1305.7333846134982	-2416.109188352812	-848.7266999987738	-1570.470972429328	-652.283076923077	-1309.1246291632933	-2416.109188352812	-850.9310089561407	-1570.470972429328	304.7101825685706	304.7101825685706
-656.7507692307693	-1320.0973741112714	-2436.44500681435	-858.0632931723264	-1583.6892544293275	-656.7507692307693	-1323.4886186610665	-2436.44500681435	-860.2676021296933	-1583.6892544293275	304.7101825685706	304.7101825685706
-661.2184615384615	-1334.5385896617984	-2456.7808252758878	-867.450083280169	-1596.9075364293271	-661.2184615384615	-1337.9298342115935	-2456.7808252758878	-869.6543922375358	-1596.9075364293271	304.7101825685706	304.7101825685706
-665.686153846154	-1349.0570312650814	-2477.116643737427	-876.887070322303	-1610.1258184293274	-665.686153846154	-1352.4482758148765	-2477.116643737427	-879.0913792796698	-1610.1258184293274	304.7101825685706	304.7101825685706
-670.1538461538462	-1363.6526989211184	-2497.4524621989653	-886.374254298727	-1623.3441004293275	-670.1538461538462	-1367.0439434709135	-2497.4524621989653	-888.5785632560938	-1623.3441004293275	304.7101825685706	304.7101825685706
-674.6215384615384	-1378.3255926299094	-2517.788280660503	-895.9116352094411	-1636.562382429327	-674.6215384615384	-1381.7168371797045	-2517.788280660503	-898.1159441668079	-1636.562382429327	304.7101825685706	304.7101825685706
-679.0892307692309	-1393.0757123914561	-2538.1240991220425	-905.4992130544465	-1649.7806644293278	-679.0892307692309	-1396.4669569412513	-2538.1240991220425	-907.7035220118133	-1649.7806644293278	304.7101825685706	304.7101825685706
-683.5569230769231	-1407.9030582057565	-2558.4599175835806	-915.1369878337417	-1662.9989464293274	-683.5569230769231	-1411.2943027555516	-2558.4599175835806	-917.3412967911086	-1662.9989464293274	304.7101825685706	304.7101825685706
-688.0246153846153	-1422.807630072811	-2578.7957360451187	-924.8249595473271	-1676.2172284293272	-688.0246153846153	-1426.1988746226061	-2578.7957360451187	-927.029268504694	-1676.2172284293272	304.7101825685706	304.7101825685706
-692.4923076923078	-1437.7894279926213	-2599.1315545066577	-934.5631281952038	-1689.4355104293277	-692.4923076923078	-1441.1806725424165	-2599.1315545066577	-936.7674371525708	-1689.4355104293277	304.7101825685706	304.7101825685706
-696.96	-1452.8484519651856	-2619.467372968196	-944.3514937773707	-1702.6537924293273	-696.96	-1456.2396965149808	-2619.467372968196	-946.5558027347375	-1702.6537924293273	304.7101825685706	304.7101825685706
-701.4276923076923	-1467.984701990504	-2639.803191429734	-954.1900562938276	-1715.872074429327	-701.4276923076923	-1471.375946540299	-2639.803191429734	-956.3943652511945	-1715.872074429327	304.7101825685706	304.7101825685706
-705.8953846153847	-1483.198178068578	-2660.139009891273	-964.0788157445758	-1729.0903564293276	-705.8953846153847	-1486.5894226183732	-2660.139009891273	-966.2831247019426	-1729.0903564293276	304.7101825685706	304.7101825685706
-710.363076923077	-1498.488880199406	-2680.4748283528115	-974.0177721296138	-1742.3086384293276	-710.363076923077	-1501.880124749201	-2680.4748283528115	-976.2220810869807	-1742.3086384293276	304.7101825685706	304.7101825685706
-714.8307692307692	-1513.8568083829878	-2700.8106468143496	-984.0069254489421	-1755.5269204293272	-714.8307692307692	-1517.248052932783	-2700.8106468143496	-986.2112344063089	-1755.5269204293272	304.7101825685706	304.7101825685706
-719.2984615384617	-1529.3019626193254	-2721.146465275888	-994.0462757025615	-1768.7452024293275	-719.2984615384617	-1532.6932071691206	-2721.146465275888	-996.2505846599284	-1768.7452024293275	304.7101825685706	304.7101825685706
-723.7661538461539	-1544.8243429084166	-2741.4822837374263	-1004.1358228904709	-1781.963484429327	-723.7661538461539	-1548.2155874582118	-2741.4822837374263	-1006.3401318478377	-1781.963484429327	304.7101825685706	304.7101825685706
-728.2338461538461	-1560.4239492502625	-2761.818102198965	-1014.2755670126706	-1795.1817664293271	-728.2338461538461	-1563.8151938000576	-2761.818102198965	-1016.4798759700375	-1795.1817664293271	304.7101825685706	304.7101825685706
-732.7015384615386	-1576.1007816448637	-2782.153920660504	-1024.4655080691614	-1808.4000484293276	-732.7015384615386	-1579.4920261946588	-2782.153920660504	-1026.6698170265283	-1808.4000484293276	304.7101825685706	304.7101825685706
-737.1692307692308	-1591.8548400922189	-2802.489739122042	-1034.7056460599424	-1821.6183304293274	-737.1692307692308	-1595.246084642014	-2802.489739122042	-1036.9099550173091	-1821.6183304293274	304.7101825685706	304.7101825685706
-741.636923076923	-1607.6861245923285	-2822.82555758358	-1044.9959809850136	-1834.836612429327	-741.636923076923	-1611.0773691421236	-2822.82555758358	-1047.2002899423803	-1834.836612429327	304.7101825685706	304.7101825685706
-746.1046153846155	-1623.5946351451935	-2843.1613760451196	-1055.3365128443759	-1848.0548944293278	-746.1046153846155	-1626.9858796949886	-2843.1613760451196	-1057.5408218017426	-1848.0548944293278	304.7101825685706	304.7101825685706
-750.5723076923077	-1639.580371750812	-2863.4971945066573	-1065.7272416380279	-1861.2731764293273	-750.5723076923077	-1642.9716163006071	-2863.4971945066573	-1067.9315505953946	-1861.2731764293273	304.7101825685706	304.7101825685706
-755.04	-1655.6433344091856	-2883.833012968196	-1076.1681673659707	-1874.4914584293274	-755.04	-1659.0345789589808	-2883.833012968196	-1078.3724763233377	-1874.4914584293274	304.7101825685706	304.7101825685706
-759.5076923076924	-1671.7835231203142	-2904.168831429735	-1086.6592900282042	-1887.7097404293277	-759.5076923076924	-1675.1747676701093	-2904.168831429735	-1088.8635989855711	-1887.7097404293277	304.7101825685706	304.7101825685706
-763.9753846153847	-1688.000937884196	-2924.5046498912725	-1097.2006096247273	-1900.9280224293273	-763.9753846153847	-1691.3921824339911	-2924.5046498912725	-1099.4049185820943	-1900.9280224293273	304.7101825685706	304.7101825685706
-768.4430769230769	-1704.2955787008332	-2944.840468352811	-1107.7921261555416	-1914.1463044293273	-768.4430769230769	-1707.6868232506283	-2944.840468352811	-1109.9964351129086	-1914.1463044293273	304.7101825685706	304.7101825685706
-772.9107692307693	-1720.6674455702255	-2965.17628681435	-1118.4338396206465	-1927.3645864293276	-772.9107692307693	-1724.0586901200206	-2965.17628681435	-1120.6381485780134	-1927.3645864293276	304.7101825685706	304.7101825685706
-777.3784615384616	-1737.1165384923715	-2985.512105275888	-1129.1257500200416	-1940.5828684293274	-777.3784615384616	-1740.5077830421667	-2985.512105275888	-1131.3300589774085	-1940.5828684293274	304.7101825685706	304.7101825685706
-781.8461538461538	-1753.6428574672716	-3005.847923737426	-1139.8678573537265	-1953.8011504293268	-781.8461538461538	-1757.0341020170667	-3005.847923737426	-1142.0721663110935	-1953.8011504293268	304.7101825685706	304.7101825685706
-786.3138461538463	-1770.246402494928	-3026.183742198966	-1150.660161621703	-1967.0194324293277	-786.3138461538463	-1773.637647044723	-3026.183742198966	-1152.86447057907	-1967.0194324293277	304.7101825685706	304.7101825685706
-790.7815384615385	-1786.9271735753375	-3046.5195606605034	-1161.5026628239693	-1980.2377144293273	-790.7815384615385	-1790.3184181251327	-3046.5195606605034	-1163.7069717813363	-1980.2377144293273	304.7101825685706	304.7101825685706
-795.2492307692307	-1803.6851707085013	-3066.855379122041	-1172.395360960526	-1993.4559964293267	-795.2492307692307	-1807.0764152582965	-3066.855379122041	-1174.5996699178927	-1993.4559964293267	304.7101825685706	304.7101825685706
-799.7169230769232	-1820.520393894421	-3087.1911975835806	-1183.3382560313737	-2006.6742784293274	-799.7169230769232	-1823.9116384442161	-3087.1911975835806	-1185.5425649887404	-2006.6742784293274	304.7101825685706	304.7101825685706
-804.1846153846154	-1837.4328431330946	-3107.5270160451187	-1194.3313480365116	-2019.8925604293272	-804.1846153846154	-1840.82408768289	-3107.5270160451187	-1196.5356569938785	-2019.8925604293272	304.7101825685706	304.7101825685706
-808.6523076923077	-1854.422518424522	-3127.8628345066572	-1205.3746369759392	-2033.1108424293272	-808.6523076923077	-1857.8137629743171	-3127.8628345066572	-1207.5789459333062	-2033.1108424293272	304.7101825685706	304.7101825685706
-813.1200000000001	-1871.4894197687056	-3148.198652968196	-1216.4681228496586	-2046.3291244293273	-813.1200000000001	-1874.8806643185007	-3148.198652968196	-1218.6724318070255	-2046.3291244293273	304.7101825685706	304.7101825685706
-817.5876923076924	-1888.633547165643	-3168.5344714297344	-1227.611805657668	-2059.5474064293276	-817.5876923076924	-1892.0247917154381	-3168.5344714297344	-1229.8161146150348	-2059.5474064293276	304.7101825685706	304.7101825685706
-822.0553846153846	-1905.8549006153341	-3188.8702898912725	-1238.8056853999672	-2072.7656884293274	-822.0553846153846	-1909.2461451651293	-3188.8702898912725	-1241.009994357334	-2072.7656884293274	304.7101825685706	304.7101825685706
-826.523076923077	-1923.153480117781	-3209.206108352811	-1250.0497620765577	-2085.983970429327	-826.523076923077	-1926.5447246675762	-3209.206108352811	-1252.2540710339247	-2085.983970429327	304.7101825685706	304.7101825685706
-830.9907692307693	-1940.529285672982	-3229.54192681435	-1261.3440356874385	-2099.2022524293275	-830.9907692307693	-1943.9205302227772	-3229.54192681435	-1263.5483446448052	-2099.2022524293275	304.7101825685706	304.7101825685706
-835.4584615384615	-1957.9823172809372	-3249.8777452758877	-1272.6885062326091	-2112.4205344293273	-835.4584615384615	-1961.3735618307323	-3249.8777452758877	-1274.892815189976	-2112.4205344293273	304.7101825685706	304.7101825685706
-839.926153846154	-1975.5125749416477	-3270.2135637374267	-1284.0831737120711	-2125.6388164293276	-839.926153846154	-1978.9038194914428	-3270.2135637374267	-1286.2874826694378	-2125.6388164293276	304.7101825685706	304.7101825685706
-844.3938461538462	-1993.1200586551124	-3290.5493821989653	-1295.528038125823	-2138.8570984293274	-844.3938461538462	-1996.5113032049076	-3290.5493821989653	-1297.73234708319	-2138.8570984293274	304.7101825685706	304.7101825685706
-848.8615384615384	-2010.804768421331	-3310.885200660503	-1307.0230994738652	-2152.075380429327	-848.8615384615384	-2014.196012971126	-3310.885200660503	-1309.2274084312319	-2152.075380429327	304.7101825685706	304.7101825685706
-853.3292307692309	-2028.5667042403052	-3331.2210191220424	-1318.5683577561983	-2165.2936624293275	-853.3292307692309	-2031.9579487901003	-3331.2210191220424	-1320.7726667135653	-2165.2936624293275	304.7101825685706	304.7101825685706
-857.7969230769231	-2046.405866112033	-3351.55683758358	-1330.1638129728215	-2178.5119444293273	-857.7969230769231	-2049.7971106618284	-3351.55683758358	-1332.3681219301884	-2178.5119444293273	304.7101825685706	304.7101825685706
-862.2646153846154	-2064.3222540365155	-3371.892656045118	-1341.8094651237352	-2191.730226429327	-862.2646153846154	-2067.713498586311	-3371.892656045118	-1344.0137740811022	-2191.730226429327	304.7101825685706	304.7101825685706
-866.7323076923078	-2082.315868013754	-3392.2284745066577	-1353.50531420894	-2204.9485084293274	-866.7323076923078	-2085.707112563549	-3392.2284745066577	-1355.7096231663068	-2204.9485084293274	304.7101825685706	304.7101825685706
-871.2	-2100.3867080437453	-3412.5642929681953	-1365.2513602284346	-2218.166790429327	-871.2	-2103.7779525935407	-3412.5642929681953	-1367.4556691858015	-2218.166790429327	304.7101825685706	304.7101825685706
-875.6676923076923	-2118.5347741264914	-3432.9001114297344	-1377.0476031822195	-2231.3850724293275	-875.6676923076923	-2121.9260186762867	-3432.9001114297344	-1379.2519121395865	-2231.3850724293275	304.7101825685706	304.7101825685706
-880.1353846153847	-2136.7600662619934	-3453.2359298912734	-1388.8940430702958	-2244.6033544293277	-880.1353846153847	-2140.151310811789	-3453.2359298912734	-1391.0983520276627	-2244.6033544293277	304.7101825685706	304.7101825685706
-884.603076923077	-2155.062584450249	-3473.571748352811	-1400.7906798926617	-2257.821636429327	-884.603076923077	-2158.4538290000437	-3473.571748352811	-1402.9949888500284	-2257.821636429327	304.7101825685706	304.7101825685706
-889.0707692307692	-2173.4423286912584	-3493.9075668143496	-1412.737513649318	-2271.0399184293274	-889.0707692307692	-2176.8335732410533	-3493.9075668143496	-1414.9418226066846	-2271.0399184293274	304.7101825685706	304.7101825685706
